{"name":"uci_iris","title":"Iris ","description":"Predict 3 different types of Iris plant\n\n**Source:**\r\n\r\n**Creator:** \r\nR.A. Fisher \r\n\r\n**Donor:** \r\nMichael Marshall (MARSHALL%PLU '@' io.arc.nasa.gov)\r\n\r\n\r\n**Data Set Information:**\r\n\r\nThis is perhaps the best known database to be found in the pattern recognition literature. Fisher's paper is a classic in the field and is referenced frequently to this day. (See Duda & Hart, for example.) The data set contains 3 classes of 50 instances each, where each class refers to a type of iris plant. One class is linearly separable from the other 2; the latter are NOT linearly separable from each other. \r\n\r\nPredicted attribute: class of iris plant. \r\n\r\nThis is an exceedingly simple domain. \r\n\r\nThis data differs from the data presented in Fishers article (identified by Steve Chadwick, spchadwick '@' espeedaz.net ). The 35th sample should be: 4.9,3.1,1.5,0.2,\"Iris-setosa\" where the error is in the fourth feature. The 38th sample: 4.9,3.6,1.4,0.1,\"Iris-setosa\" where the errors are in the second and third features.\r\n\r\n\r\n**Attribute Information:**\r\n\r\n1. sepal length in cm \r\n2. sepal width in cm \r\n3. petal length in cm \r\n4. petal width in cm \r\n5. class:       \r\n-- Iris Setosa      \r\n-- Iris Versicolour       \r\n-- Iris Virginica\r\n\r\n\r\n\r\nFor more information about **Relevant Papers and **Papers That Cite This Data Set**, please go [here](https://archive.ics.uci.edu/ml/datasets/Iris)\r\n\r\n**Citation Policy:**\r\n\r\nIf you publish material based on databases obtained from this repository, then, in your acknowledgements, please note the assistance you received by using this repository. This will help others to obtain the same data sets and replicate your experiments. We suggest the following pseudo-APA reference format for referring to this repository:\r\n\r\nLichman, M. (2013). UCI Machine Learning Repository [http://archive.ics.uci.edu/ml]. Irvine, CA: University of California, School of Information and Computer Science.\r\n\r\nHere is a BiBTeX citation as well:\r\n\r\n@misc{Lichman:2013 ,\r\nauthor = \"M. Lichman\",\r\nyear = \"2013\",\r\ntitle = \"{UCI} Machine Learning Repository\",\r\nurl = \"http://archive.ics.uci.edu/ml\",\r\ninstitution = \"University of California, Irvine, School of Information and Computer Sciences\" }\r\n\r\nA few UCI data sets have additional citation requests. These requests can be found on the bottom of each data set's web page.\r\n\r\n*Source*: [UCI Machine Learning Repository](https://archive.ics.uci.edu/ml/datasets/Iris)","homepage":"https://data.world/uci/iris","resources":[{"name":"bezdekiris_data","schema":{"fields":[{"name":"column_a","title":"Column A","type":"number","rdfType":"http://www.w3.org/2001/XMLSchema#decimal","dwSourceId":"column_a"},{"name":"column_b","title":"Column B","type":"number","rdfType":"http://www.w3.org/2001/XMLSchema#decimal","dwSourceId":"column_b"},{"name":"column_c","title":"Column C","type":"number","rdfType":"http://www.w3.org/2001/XMLSchema#decimal","dwSourceId":"column_c"},{"name":"column_d","title":"Column D","type":"number","rdfType":"http://www.w3.org/2001/XMLSchema#decimal","dwSourceId":"column_d"},{"name":"column_e","title":"Column E","type":"string","rdfType":"http://www.w3.org/2001/XMLSchema#string","dwSourceId":"column_e"}]},"path":"data/bezdekiris_data.csv","format":"csv"},{"name":"bezdekiris_data_2","schema":{"fields":[{"name":"column_a","title":"Column A","type":"number","rdfType":"http://www.w3.org/2001/XMLSchema#decimal","dwSourceId":"column_a"},{"name":"column_b","title":"Column B","type":"number","rdfType":"http://www.w3.org/2001/XMLSchema#decimal","dwSourceId":"column_b"},{"name":"column_c","title":"Column C","type":"number","rdfType":"http://www.w3.org/2001/XMLSchema#decimal","dwSourceId":"column_c"},{"name":"column_d","title":"Column D","type":"number","rdfType":"http://www.w3.org/2001/XMLSchema#decimal","dwSourceId":"column_d"},{"name":"column_e","title":"Column E","type":"string","rdfType":"http://www.w3.org/2001/XMLSchema#string","dwSourceId":"column_e"}]},"path":"data/bezdekiris_data_2.csv","format":"csv"},{"name":"iris_data","schema":{"fields":[{"name":"column_a","title":"Column A","type":"number","rdfType":"http://www.w3.org/2001/XMLSchema#decimal","dwSourceId":"column_a"},{"name":"column_b","title":"Column B","type":"number","rdfType":"http://www.w3.org/2001/XMLSchema#decimal","dwSourceId":"column_b"},{"name":"column_c","title":"Column C","type":"number","rdfType":"http://www.w3.org/2001/XMLSchema#decimal","dwSourceId":"column_c"},{"name":"column_d","title":"Column D","type":"number","rdfType":"http://www.w3.org/2001/XMLSchema#decimal","dwSourceId":"column_d"},{"name":"column_e","title":"Column E","type":"string","rdfType":"http://www.w3.org/2001/XMLSchema#string","dwSourceId":"column_e"}]},"path":"data/iris_data.csv","format":"csv"},{"name":"iris_data_2","schema":{"fields":[{"name":"column_a","title":"Column A","type":"number","rdfType":"http://www.w3.org/2001/XMLSchema#decimal","dwSourceId":"column_a"},{"name":"column_b","title":"Column B","type":"number","rdfType":"http://www.w3.org/2001/XMLSchema#decimal","dwSourceId":"column_b"},{"name":"column_c","title":"Column C","type":"number","rdfType":"http://www.w3.org/2001/XMLSchema#decimal","dwSourceId":"column_c"},{"name":"column_d","title":"Column D","type":"number","rdfType":"http://www.w3.org/2001/XMLSchema#decimal","dwSourceId":"column_d"},{"name":"column_e","title":"Column E","type":"string","rdfType":"http://www.w3.org/2001/XMLSchema#string","dwSourceId":"column_e"}]},"path":"data/iris_data_2.csv","format":"csv"},{"name":"original/Index of Iris.txt","path":"original/Index of Iris.txt","format":"txt","mediatype":"text/plain","bytes":105},{"name":"original/Index.txt","path":"original/Index.txt","format":"txt","mediatype":"text/plain","bytes":105},{"name":"original/bezdekIris.data.csv","path":"original/bezdekIris.data.csv","format":"csv","mediatype":"text/csv","bytes":4551},{"name":"original/bezdekIris_data.csv","path":"original/bezdekIris_data.csv","format":"csv","mediatype":"text/csv","bytes":4558},{"name":"original/iris.data.csv","path":"original/iris.data.csv","format":"csv","mediatype":"text/csv","bytes":4551},{"name":"original/iris.names.txt","path":"original/iris.names.txt","format":"txt","mediatype":"text/plain","bytes":2998},{"name":"original/iris_data.csv","path":"original/iris_data.csv","format":"csv","mediatype":"text/csv","bytes":4558},{"name":"original/iris_names.txt","path":"original/iris_names.txt","format":"txt","mediatype":"text/plain","bytes":3065}],"keywords":["multivariate","real","classification","machine learning","uci"]}