{"name":"uci_poker-hand","title":"Poker Hand","description":"Purpose is to predict poker hands\n\n# Source:  \nCreators:   \n\nRobert Cattral (cattral '@' gmail.com)\n\n\nFranz Oppacher (oppacher '@' scs.carleton.ca)  \nCarleton University, Department of Computer Science  \nIntelligent Systems Research Unit  \n1125 Colonel By Drive, Ottawa, Ontario, Canada, K1S5B6\n\n# Data Set Information:\nEach record is an example of a hand consisting of five playing cards drawn from a standard deck of 52. Each card is described using two attributes (suit and rank), for a total of 10 predictive attributes. There is one Class attribute that describes the \"Poker Hand\". The order of cards is important, which is why there are 480 possible Royal Flush hands as compared to 4 (one for each suit - explained in  ).\n\n# Attribute Information:\n1) S1 \"Suit of card #1\"  \nOrdinal (1-4) representing {Hearts, Spades, Diamonds, Clubs}   \n\n2) C1 \"Rank of card #1\"  \nNumerical (1-13) representing (Ace, 2, 3, ... , Queen, King)   \n\n3) S2 \"Suit of card #2\"  \nOrdinal (1-4) representing {Hearts, Spades, Diamonds, Clubs}   \n\n4) C2 \"Rank of card #2\"  \nNumerical (1-13) representing (Ace, 2, 3, ... , Queen, King)   \n\n5) S3 \"Suit of card #3\"  \nOrdinal (1-4) representing {Hearts, Spades, Diamonds, Clubs}   \n\n6) C3 \"Rank of card #3\"  \nNumerical (1-13) representing (Ace, 2, 3, ... , Queen, King)   \n\n7) S4 \"Suit of card #4\"  \nOrdinal (1-4) representing {Hearts, Spades, Diamonds, Clubs}   \n\n8) C4 \"Rank of card #4\"  \nNumerical (1-13) representing (Ace, 2, 3, ... , Queen, King)   \n\n9) S5 \"Suit of card #5\"  \nOrdinal (1-4) representing {Hearts, Spades, Diamonds, Clubs}   \n\n10) C5 \"Rank of card 5\"  \nNumerical (1-13) representing (Ace, 2, 3, ... , Queen, King)   \n\n11) CLASS \"Poker Hand\"  Ordinal (0-9)   \n\n0: Nothing in hand; not a recognized poker hand  \n1: One pair; one pair of equal ranks within five cards  \n2: Two pairs; two pairs of equal ranks within five cards  \n3: Three of a kind; three equal ranks within five cards  \n4: Straight; five cards, sequentially ranked with no gaps  \n5: Flush; five cards with the same suit  \n6: Full house; pair + different rank three of a kind  \n7: Four of a kind; four equal ranks within five cards  \n8: Straight flush; straight + flush  \n9: Royal flush; {Ace, King, Queen, Jack, Ten} + flush\n\n# Relevant Papers:\nR. Cattral, F. Oppacher, D. Deugo. Evolutionary Data Mining with Automatic Rule Generalization. Recent Advances in Computers, Computing and Communications, pp.296-300, WSEAS Press, 2002.Note: This was a slightly different dataset that had more classes, and was considerably more difficult.\n# Citation Request:\nPlease refer to the Machine Learning [Repository's citation policy.](http://archive.ics.uci.edu/ml/citation_policy.html)\n\n**_Source:_** http://archive.ics.uci.edu/ml/datasets/Poker+Hand","homepage":"https://data.world/uci/poker-hand","license":"Other","resources":[{"name":"poker_hand_testing_data","schema":{"fields":[{"name":"column_a","title":"Column A","type":"integer","rdfType":"http://www.w3.org/2001/XMLSchema#integer","dwSourceId":"column_a"},{"name":"column_b","title":"Column B","type":"integer","rdfType":"http://www.w3.org/2001/XMLSchema#integer","dwSourceId":"column_b"},{"name":"column_c","title":"Column C","type":"integer","rdfType":"http://www.w3.org/2001/XMLSchema#integer","dwSourceId":"column_c"},{"name":"column_d","title":"Column D","type":"integer","rdfType":"http://www.w3.org/2001/XMLSchema#integer","dwSourceId":"column_d"},{"name":"column_e","title":"Column E","type":"integer","rdfType":"http://www.w3.org/2001/XMLSchema#integer","dwSourceId":"column_e"},{"name":"column_f","title":"Column F","type":"integer","rdfType":"http://www.w3.org/2001/XMLSchema#integer","dwSourceId":"column_f"},{"name":"column_g","title":"Column G","type":"integer","rdfType":"http://www.w3.org/2001/XMLSchema#integer","dwSourceId":"column_g"},{"name":"column_h","title":"Column H","type":"integer","rdfType":"http://www.w3.org/2001/XMLSchema#integer","dwSourceId":"column_h"},{"name":"column_i","title":"Column I","type":"integer","rdfType":"http://www.w3.org/2001/XMLSchema#integer","dwSourceId":"column_i"},{"name":"column_j","title":"Column J","type":"integer","rdfType":"http://www.w3.org/2001/XMLSchema#integer","dwSourceId":"column_j"},{"name":"column_k","title":"Column K","type":"integer","rdfType":"http://www.w3.org/2001/XMLSchema#integer","dwSourceId":"column_k"}]},"path":"data/poker_hand_testing_data.csv","format":"csv"},{"name":"poker_hand_training_true_data","schema":{"fields":[{"name":"column_a","title":"Column A","type":"integer","rdfType":"http://www.w3.org/2001/XMLSchema#integer","dwSourceId":"column_a"},{"name":"column_b","title":"Column B","type":"integer","rdfType":"http://www.w3.org/2001/XMLSchema#integer","dwSourceId":"column_b"},{"name":"column_c","title":"Column C","type":"integer","rdfType":"http://www.w3.org/2001/XMLSchema#integer","dwSourceId":"column_c"},{"name":"column_d","title":"Column D","type":"integer","rdfType":"http://www.w3.org/2001/XMLSchema#integer","dwSourceId":"column_d"},{"name":"column_e","title":"Column E","type":"integer","rdfType":"http://www.w3.org/2001/XMLSchema#integer","dwSourceId":"column_e"},{"name":"column_f","title":"Column F","type":"integer","rdfType":"http://www.w3.org/2001/XMLSchema#integer","dwSourceId":"column_f"},{"name":"column_g","title":"Column G","type":"integer","rdfType":"http://www.w3.org/2001/XMLSchema#integer","dwSourceId":"column_g"},{"name":"column_h","title":"Column H","type":"integer","rdfType":"http://www.w3.org/2001/XMLSchema#integer","dwSourceId":"column_h"},{"name":"column_i","title":"Column I","type":"integer","rdfType":"http://www.w3.org/2001/XMLSchema#integer","dwSourceId":"column_i"},{"name":"column_j","title":"Column J","type":"integer","rdfType":"http://www.w3.org/2001/XMLSchema#integer","dwSourceId":"column_j"},{"name":"column_k","title":"Column K","type":"integer","rdfType":"http://www.w3.org/2001/XMLSchema#integer","dwSourceId":"column_k"}]},"path":"data/poker_hand_training_true_data.csv","format":"csv"},{"name":"original/poker-hand-testing.data.csv","path":"original/poker-hand-testing.data.csv","format":"csv","mediatype":"text/csv","bytes":24538333},{"name":"original/poker-hand-training-true.data.csv","path":"original/poker-hand-training-true.data.csv","format":"csv","mediatype":"text/csv","bytes":613694},{"name":"original/poker-hand.names.txt","path":"original/poker-hand.names.txt","format":"txt","mediatype":"text/plain","bytes":5946}],"keywords":["uci","game","categorical","integer","classification"]}